{
  "CLIP-metric-greedy": {
    "BLEU-1": 0.389975636517642,
    "BLEU-2": 0.12684737902097348,
    "BLEU-3": 0.050809782924212205,
    "BLEU-4": 0.024973773873373278,
    "METEOR": 0.27028530632973513,
    "ROUGE-L": 0.28645527232654266,
    "CIDEr": 0.052424854986162055,
    "BERTScore-P": 0.2308252602815628,
    "BERTScore-R": 0.1936173290014267,
    "BERTScore-F1": 0.2131439596414566,
    "CLIPScore": 0.518567119348986,
    "Distinct-1": 0.08858141710571668,
    "Distinct-2": 0.32156469408224675,
    "AvgLength": 55.03794037940379,
    "RepRate": 0.08980030214414358,
    "gen_time_s": 47.255255937576294
  },
  "CLIP-metric-beam3": {
    "BLEU-1": 0.40302545096036985,
    "BLEU-2": 0.1406690348580918,
    "BLEU-3": 0.06181501014596598,
    "BLEU-4": 0.0328770245338826,
    "METEOR": 0.29000397861458577,
    "ROUGE-L": 0.3035027057134233,
    "CIDEr": 0.060742864503598476,
    "BERTScore-P": 0.2752094268798828,
    "BERTScore-R": 0.222085639834404,
    "BERTScore-F1": 0.24943426251411438,
    "CLIPScore": 0.5140551751464363,
    "Distinct-1": 0.08055137844611529,
    "Distinct-2": 0.2828762575966498,
    "AvgLength": 54.0650406504065,
    "RepRate": 0.07514584305976832,
    "gen_time_s": 151.51586318016052
  },
  "CLIP-metric-beam5": {
    "BLEU-1": 0.4000688425819659,
    "BLEU-2": 0.13982706019036645,
    "BLEU-3": 0.06336177152642535,
    "BLEU-4": 0.0341205816007256,
    "METEOR": 0.2901092954809082,
    "ROUGE-L": 0.30344528390823017,
    "CIDEr": 0.0615911767007566,
    "BERTScore-P": 0.2804097831249237,
    "BERTScore-R": 0.22632001340389252,
    "BERTScore-F1": 0.2541393041610718,
    "CLIPScore": 0.5109907300249348,
    "Distinct-1": 0.08068743070255015,
    "Distinct-2": 0.27787192522980536,
    "AvgLength": 53.77235772357724,
    "RepRate": 0.07506667457079778,
    "gen_time_s": 235.1276774406433
  },
  "CLIP-loss-greedy": {
    "BLEU-1": 0.39281803110051466,
    "BLEU-2": 0.12947506107368528,
    "BLEU-3": 0.05090892375006318,
    "BLEU-4": 0.02541901232280166,
    "METEOR": 0.27120840966792437,
    "ROUGE-L": 0.2865966191034451,
    "CIDEr": 0.05321844515236872,
    "BERTScore-P": 0.23598481714725494,
    "BERTScore-R": 0.19680583477020264,
    "BERTScore-F1": 0.2173021137714386,
    "CLIPScore": 0.5128396918699347,
    "Distinct-1": 0.0883105382269015,
    "Distinct-2": 0.32590068647592324,
    "AvgLength": 55.0840108401084,
    "RepRate": 0.0829416164449273,
    "gen_time_s": 43.09890103340149
  },
  "CLIP-loss-beam3": {
    "BLEU-1": 0.40247258934987634,
    "BLEU-2": 0.1371932090259101,
    "BLEU-3": 0.05946462877712167,
    "BLEU-4": 0.03144109212720437,
    "METEOR": 0.28760466316594624,
    "ROUGE-L": 0.2971106370661744,
    "CIDEr": 0.06020894425046506,
    "BERTScore-P": 0.2775709331035614,
    "BERTScore-R": 0.22627733647823334,
    "BERTScore-F1": 0.252725750207901,
    "CLIPScore": 0.5183280350231543,
    "Distinct-1": 0.08206278026905829,
    "Distinct-2": 0.28460484239378714,
    "AvgLength": 54.390243902439025,
    "RepRate": 0.07612731574107282,
    "gen_time_s": 152.34165596961975
  },
  "CLIP-loss-beam5": {
    "BLEU-1": 0.4037336516524251,
    "BLEU-2": 0.14028249283588795,
    "BLEU-3": 0.06225612861160874,
    "BLEU-4": 0.033279002052525736,
    "METEOR": 0.29203007955301274,
    "ROUGE-L": 0.3006073139358606,
    "CIDEr": 0.062440525423811205,
    "BERTScore-P": 0.2828972339630127,
    "BERTScore-R": 0.2304711490869522,
    "BERTScore-F1": 0.2574637830257416,
    "CLIPScore": 0.5192185076190851,
    "Distinct-1": 0.0813720580871307,
    "Distinct-2": 0.27973062598847,
    "AvgLength": 54.11924119241193,
    "RepRate": 0.0740137912409721,
    "gen_time_s": 231.76923251152039
  },
  "ResNet-metric-greedy": {
    "BLEU-1": 0.38462130519757753,
    "BLEU-2": 0.12978842349059333,
    "BLEU-3": 0.05382811291139911,
    "BLEU-4": 0.028157361389187032,
    "METEOR": 0.2666210842933223,
    "ROUGE-L": 0.2912646507145972,
    "CIDEr": 0.05571295656676911,
    "BERTScore-P": 0.2239382416009903,
    "BERTScore-R": 0.17970943450927734,
    "BERTScore-F1": 0.20272240042686462,
    "CLIPScore": 0.4901000026280318,
    "Distinct-1": 0.09388201381641072,
    "Distinct-2": 0.3317638720129607,
    "AvgLength": 54.52845528455285,
    "RepRate": 0.10570484837243642,
    "gen_time_s": 41.218549489974976
  },
  "ResNet-metric-beam3": {
    "BLEU-1": 0.3939596299796667,
    "BLEU-2": 0.13713046711170143,
    "BLEU-3": 0.059634808727745264,
    "BLEU-4": 0.03174647574612744,
    "METEOR": 0.282317524595412,
    "ROUGE-L": 0.30111979947044143,
    "CIDEr": 0.05872868583080394,
    "BERTScore-P": 0.2604546546936035,
    "BERTScore-R": 0.20517753064632416,
    "BERTScore-F1": 0.23361825942993164,
    "CLIPScore": 0.4818519416863356,
    "Distinct-1": 0.08468306338732254,
    "Distinct-2": 0.28596893302775656,
    "AvgLength": 54.21138211382114,
    "RepRate": 0.09510867642520875,
    "gen_time_s": 149.0704574584961
  },
  "ResNet-metric-beam5": {
    "BLEU-1": 0.393433361793495,
    "BLEU-2": 0.13781152790320397,
    "BLEU-3": 0.06119640404219473,
    "BLEU-4": 0.032601694246068,
    "METEOR": 0.28470503091757576,
    "ROUGE-L": 0.301837070914637,
    "CIDEr": 0.059684217031915655,
    "BERTScore-P": 0.2637641429901123,
    "BERTScore-R": 0.2067248821258545,
    "BERTScore-F1": 0.23601852357387543,
    "CLIPScore": 0.4851839178138309,
    "Distinct-1": 0.08345872203831879,
    "Distinct-2": 0.2784506106597169,
    "AvgLength": 54.03252032520325,
    "RepRate": 0.09686834834635485,
    "gen_time_s": 224.331280708313
  }
}